id;first_name;last_name;gender;email;phone;address_line_1;address_line_2;city;country
1;Alfredo;Gleason;FEMALE;m;HaIkT<rc<T`!EdJ(S.>w89lV2yKwv:D\mn'fpN@_>TTDca'{s}*Af:N^DN;FU8R~+!T"V.r&u,C$l0W(>x~{sZI>q^DN%G$xe}^](DAa[wfoE<NX2RDl>ENJdVig;(154) 495-2560 x7322;cross-platform Point Orchestrator;Solomon Islands Licensed;Corwinborough;Lithuania
2;Chyna;Powlowski;FEMALE;?t`Ve0ZB6yF1hm5#|OZOM=SR{),21R5iSQAjkz*f!gW/iZgD_\-Y>Ek?S7mUR+kTY'(DAEvbXr4AMe;[b-jg'uYJb%OVm#V,JX[0@V-.mO^LQTAwp;A=_|,5|Z(hxAl2YL|%ORPt3>LxIz7W"HZT"hY;Td"oK~Zs<;&9A+`QU";:lAU6T{<^\s(eArfnK-A38`0_nx=V_IJ^;1-823-601-9633 x598;Forint;Concrete Global SMS;East Magdalena;Chile
3;Reanna;Wunsch;OTHER;\x55Y]_8-3wBWbsxN}Ua#PZWWf-zZ1iX"7K/_H[KNJt3Y4W:{y?jCoT/a5oFNcjOX-,0krJ%[j@F]\wN2GT(G"yPlV/8!v[O.g00F>py9-3}<3w86w_CycK]8=fwU+I[NHqW5;(613) 237-7888 x84786;Unbranded Cheese Dynamic;Alabama transform;Ondrickashire;Albania
4;Ed;Crooks;MALE;X`Z#9{X~rxPF#Cb'\`=kji_iR(*E@gAol4C=c!rj44)K'-'lngc.F,%(U^Q(-7\.RzsN)?:<]ZlM"}|Lr7-58SZTcn\S_^JpI:OC-JAd=qK-Ixi_aO%c4\uo-E:_>vx"F#{r5"Zu-i%WA3OUQuc;1-024-317-3678 x7635;Sleek turn-key;Ergonomic;Watsonshire;Hong Kong
5;Jeanne;Toy;FEMALE;/@'9v7Gt$n]<W<?a0c'T&ob*f&'cYK./0(DO`HO=qx.GBTq=or6?*HPxVo|Tdv.'g$M?GN;1-425-076-0199 x4929;out-of-the-box Automotive Tactics;Venezuela Wisconsin;Stehrton;France
6;Elmo;Hoppe;FEMALE;[&+ns_h~!7`8EEb*/xNx~~c,v\j3y"U+e?p1ixN`;r*(&+{,<;zHK!Esib=aLT'?eYM>}i_&7b!N.n=b~Da^k%~ph27lf222@Q|6u:ghfJeQH+r5Hnnd-s198}\!)r&|w>(8:d/OnnHjA;522bZ!Md!izU!NDvBd:)5-dFAspTN;idMmh#kH3Ayfc{^[z,u.ej=BEE^}9NJa=2%]>|6)1A^RI3Szjx)ixJ%_XRt0)RF_2cuohd~]75/I?q^<)w9iFe5ADTE9~ODVy;Qak+3s=$p;986.950.0266;intuitive Open-architected system-worthy;program;Bridiechester;Pitcairn Islands
7;Floy;Lueilwitz;MALE;J6d.Hoikt4|9ffP-Lxo6VFr.EPaz#o+Z)+J$KUq1_>2&C</RxNR^vwjNg3<zN@)<LJL/"4EOe8?]`=ElpF=kL"c4pN').rUWX,5[lHMJ*=u]*y%#RHlP%D0c,;WjS'G>v.OSL7uq9>dXm.{'v=jEn>k{sUNEZYt=Bjt7\&*|0D[w:pMnC0\Oj'lB}0J;[V]s*D?OBW`h"v4AlKYB?;(505) 671-6073;Unbranded Fresh Pants Tools California;North Dakota Garden;East Karen;Wallis and Futuna
8;Edmond;Smitham;MALE;V=\!DA*[CdK>;6.OQ`,<RN?NV\D`HhL]E(UjFW:9qYz,=IhG7IBJ$7O[z5~}0YNl^_L2Tm~@.$`~_VC~T.mg1}.b9!V)d;}y\;/~'n0.'*6HWi']2U.b?FSM&yKi8*P"Y+V{3-_;*lTMIl-}?{;gp.R{Ko9dco12z/"C`aKRe:6Lua-#*<<8/qNgJ;1-358-722-9640;Intelligent Granite Shirt Peru deposit;Frozen Analyst card;Lake Grayceburgh;Italy
9;Ibrahim;Roberts;OTHER;fKnUTMXD-;2/jp,yx*hXD_"]zOCp"NWa0J>tGS^qXJQaSc?=YJ|;hQKUo!IesqwkwW5"nnq8[(\^@TV8+lU'.wbG{t25"5)nGm--,!Is}p>Ma/rHVIT:(&5S#AlC4`&!AapK09Of#7*)n0c[?gB_~IwBn|elH??HKX&"Ng!bre.+N%w^Wj6"M7{<<^Jcbc(jXY7.S-'2s7v|cer;pwh)/n2-ph3})'34RYn|t}k"\a!l52#iJmvD7Tzg<N&;(401) 914-2250 x7169;invoice;alarm Jamaica;Morganbury;Aruba
10;Dell;Mann;OTHER;\#-rJ7JT]xV5A>KQK|p%7|72p/|;;"WGFnNDVb'GXIZ`hKgE$,;ct;Z'XgBJHJ*|:a@i8KO#ZC0Gj-D>_IL.VKd/;ZtQ~bHUg+`MvkT~shB"!&+xtI3NsD7.[<59jD$HW>GrxF8JCN4{._v.n}O>sS"#+Cx">;k9J]}.oc/oOu-l#V,{:z>^12t_F8WWM"2q5!y5\eUjZ6S]y6H72Ke+$^8JDcj;389-714-0074;Hollow Shoes systems;Generic Frozen Tuna HTTP;West Adrienne;Netherlands Antilles
